{"botlat":[
    -15.845616391210427,
    -15.845740244973186,
    -15.845930594681965,
    -15.846103763854027,
    -15.846320507365682,
    -15.846557892849516,
    -15.847301010820114,
    -15.847641605642295,
    -15.847486789885274,
    -15.848252836473087,
    -15.848642744670805,
    -15.84884916447153,
    -15.848655355666603,
    -15.84828150951152,
    -15.848147336287688,
    -15.848023484001901,
    -15.84734229507159,
    -15.84663014055005,
    -15.846124406103245
    ],
    "botlong":[
    -70.01657831039113,
    -70.01693236198109,
    -70.0173819065094,
    -70.01801324796841,
    -70.01892519903348,
    -70.01925779295132,
    -70.01905394506619,
    -70.01896811437771,
    -70.01831365537808,
    -70.01800417900085,
    -70.01801324796841,
    -70.017938146116,
    -70.0174355506897,
    -70.01618934583828,
    -70.01555634451077,
    -70.01523447942898,
    -70.01568509054349,
    -70.0162108035104,
    -70.0164790244119
    ]
}